team1,team2,score1,score2
Dplus Kia,DRX,2,0
T1,Gen. G,2,0
Kwangdong Freecs,Hanwha Life Esports,0,2
⁠⁠Nongshim RedForce,BRION,0,2
T1,⁠⁠KT Rolster,2,1
⁠⁠Liiv SANDBOX,Dplus Kia,0,1
Gen. G,DRX,2,0
Kwangdong Freecs,BRION,1,2
⁠⁠Liiv SANDBOX,Hanwha Life Esports,2,1
⁠⁠Nongshim RedForce,⁠⁠KT Rolster,1,2
⁠⁠Nongshim RedForce,Dplus Kia,0,2
⁠⁠Liiv SANDBOX,⁠⁠KT Rolster,2,1
Gen. G,BRION,2,0
T1,Kwangdong Freecs,2,0
⁠⁠Nongshim RedForce,DRX,2,1
⁠⁠KT Rolster,Hanwha Life Esports,2,0
T1,Dplus Kia,2,1
⁠⁠Liiv SANDBOX,BRION,2,1
Hanwha Life Esports,Gen. G,1,2
Kwangdong Freecs,DRX,0,2
⁠⁠Nongshim RedForce,Liiv SANDBOX,0,2
Gen. G,Dplus Kia,2,0
BRION,DRX,2,1
T1,Hanwha Life Esports,1,2
Kwangdong Freecs,⁠⁠KT Rolster,2,0
⁠⁠Liiv SANDBOX,Gen. G,1,2
Hanwha Life Esports,DRX,2,1
T1,⁠⁠Nongshim RedForce,2,1
⁠⁠KT Rolster,BRION,2,0
Kwangdong Freecs,Dplus Kia,1,2
⁠⁠Liiv SANDBOX,Kwangdong Freecs,2,1
T1,BRION,2,0
⁠⁠KT Rolster,Dplus Kia,2,1
⁠⁠Nongshim RedForce,Gen. G,0,2
Hanwha Life Esports,BRION,2,1
⁠⁠Liiv SANDBOX,DRX,2,1
⁠⁠Nongshim RedForce,Kwangdong Freecs,0,2
⁠⁠KT Rolster,Gen. G,2,1
Hanwha Life Esports,Dplus Kia,0,2
T1,DRX,2,0
⁠⁠KT Rolster,DRX,2,0
Hanwha Life Esports,⁠⁠Nongshim RedForce,2,0
BRION,Dplus Kia,0,2
Kwangdong Freecs,Gen. G,1,2
⁠⁠Liiv SANDBOX,T1,1,2
Hanwha Life Esports,DRX,2,0
Kwangdong Freecs,BRION,1,2
⁠⁠Nongshim RedForce,⁠⁠KT Rolster,0,2
T1,Gen. G,2,1
Dplus Kia,Liiv SANDBOX,0,2
⁠⁠Nongshim RedForce,Gen. G,0,2
⁠⁠KT Rolster,Dplus Kia,0,2
Hanwha Life Esports,BRION,2,1
T1,Liiv SANDBOX,2,0
Gen. G,DRX,2,0
Kwangdong Freecs,Dplus Kia,0,2
T1,⁠⁠KT Rolster,2,0
⁠⁠Nongshim RedForce,Liiv SANDBOX,1,2
BRION,DRX,1,2
Kwangdong Freecs,Hanwha Life Esports,0,2
T1,Kwangdong Freecs,2,0
Dplus Kia,DRX,2,0
⁠⁠KT Rolster,Gen. G,2,1
⁠⁠Nongshim RedForce,Hanwha Life Esports,0,2
⁠⁠Liiv SANDBOX,Kwangdong Freecs,1,2
T1,BRION,2,0
Hanwha Life Esports,Dplus Kia,0,2
⁠⁠Nongshim RedForce,DRX,1,2
⁠⁠Liiv SANDBOX,⁠⁠KT Rolster,0,2
Gen. G,BRION,2,0
⁠⁠Nongshim RedForce,Kwangdong Freecs,1,2
⁠⁠KT Rolster,Hanwha Life Esports,2,1
⁠⁠Liiv SANDBOX,Gen. G,0,2
T1,DRX,2,0
⁠⁠Nongshim RedForce,Dplus Kia,0,2
⁠⁠KT Rolster,BRION,2,0
⁠⁠Liiv SANDBOX,DRX,2,1
T1,Hanwha Life Esports,2,1
BRION,Dplus Kia,1,2
Kwangdong Freecs,Gen. G,2,1
DRX,Kwangdong Freecs,1,2
⁠⁠Liiv SANDBOX,BRION,2,0
Dplus Kia,T1,0,2
Gen. G,Hanwha Life Esports,2,0
Kwangdong Freecs,⁠⁠KT Rolster,0,2
BRION,⁠⁠Nongshim RedForce,0,2
⁠⁠Liiv SANDBOX,Hanwha Life Esports,1,2
Gen. G,Dplus Kia,2,0
T1,⁠⁠Nongshim RedForce,2,0
DRX,⁠⁠KT Rolster,0,2
⁠⁠KT Rolster,Liiv SANDBOX,3,1
Dplus Kia,Hanwha Life Esports,1,3
T1,⁠⁠KT Rolster,3,1
Gen. G,Hanwha Life Esports,3,1
⁠⁠KT Rolster,Hanwha Life Esports,3,1
Gen. G,⁠⁠KT Rolster,3,1
T1,Gen. G,3,1
T1,Gen. G,1,3
⁠⁠KT Rolster,Hanwha Life Esports,2,1
Dplus Kia,Liiv SANDBOX,2,0
Kwangdong Freecs,DRX,2,0
BRION,⁠⁠Nongshim RedForce,1,2
⁠⁠KT Rolster,Gen. G,1,2
T1,Hanwha Life Esports,2,1
⁠⁠Liiv SANDBOX,⁠⁠Nongshim RedForce,2,0
Kwangdong Freecs,BRION,2,0
DRX,Dplus Kia,1,2
Gen. G,T1,2,1
Hanwha Life Esports,DRX,2,0
Gen. G,Kwangdong Freecs,2,0
T1,Liiv SANDBOX,2,0
Dplus Kia,BRION,1,2
⁠⁠Nongshim RedForce,Gen. G,0,2
DRX,⁠⁠KT Rolster,0,2
Hanwha Life Esports,Kwangdong Freecs,2,0
BRION,T1,0,2
⁠⁠Liiv SANDBOX,⁠⁠KT Rolster,0,2
Dplus Kia,⁠⁠Nongshim RedForce,2,0
⁠⁠Liiv SANDBOX,BRION,2,1
Kwangdong Freecs,T1,0,2
Gen. G,DRX,2,0
⁠⁠KT Rolster,Dplus Kia,2,0
Kwangdong Freecs,⁠⁠Nongshim RedForce,2,0
Hanwha Life Esports,Liiv SANDBOX,2,1
Dplus Kia,Gen. G,1,2
T1,⁠⁠KT Rolster,0,2
⁠⁠Nongshim RedForce,DRX,1,2
BRION,Hanwha Life Esports,0,2
Hanwha Life Esports,Dplus Kia,0,2
⁠⁠KT Rolster,Kwangdong Freecs,2,0
Gen. G,BRION,2,0
DRX,Liiv SANDBOX,2,1
⁠⁠KT Rolster,⁠⁠Nongshim RedForce,2,0
T1,Dplus Kia,2,0
BRION,DRX,2,1
⁠⁠Liiv SANDBOX,Kwangdong Freecs,0,2
Gen. G,Hanwha Life Esports,2,0
⁠⁠Nongshim RedForce,T1,1,2
Kwangdong Freecs,Dplus Kia,0,2
DRX,T1,2,0
⁠⁠Nongshim RedForce,Hanwha Life Esports,0,2
⁠⁠Liiv SANDBOX,Gen. G,0,2
BRION,⁠⁠KT Rolster,0,2
Dplus Kia,DRX,2,0
T1,Gen. G,0,2
⁠⁠Nongshim RedForce,Liiv SANDBOX,2,0
⁠⁠KT Rolster,BRION,2,0
Kwangdong Freecs,Hanwha Life Esports,0,2
⁠⁠Liiv SANDBOX,Dplus Kia,0,2
Gen. G,⁠⁠Nongshim RedForce,2,0
Hanwha Life Esports,⁠⁠KT Rolster,1,2
BRION,Kwangdong Freecs,2,1
T1,⁠⁠Nongshim RedForce,2,0
DRX,Gen. G,0,2
Kwangdong Freecs,Liiv SANDBOX,0,2
Hanwha Life Esports,BRION,2,1
Dplus Kia,T1,2,0
⁠⁠KT Rolster,DRX,2,1
Dplus Kia,⁠⁠KT Rolster,0,2
⁠⁠Liiv SANDBOX,Hanwha Life Esports,0,2
Kwangdong Freecs,Gen. G,0,2
DRX,⁠⁠Nongshim RedForce,1,2
BRION,Dplus Kia,1,2
Hanwha Life Esports,T1,2,0
Gen. G,⁠⁠KT Rolster,0,2
⁠⁠Nongshim RedForce,Kwangdong Freecs,2,1
T1,BRION,1,2
⁠⁠Liiv SANDBOX,DRX,2,0
Gen. G,Liiv SANDBOX,2,0
Kwangdong Freecs,⁠⁠KT Rolster,0,2
T1,DRX,1,2
Hanwha Life Esports,⁠⁠Nongshim RedForce,2,0
Dplus Kia,Kwangdong Freecs,2,0
BRION,Liiv SANDBOX,0,2
⁠⁠KT Rolster,T1,2,0
DRX,Hanwha Life Esports,0,2
⁠⁠Nongshim RedForce,BRION,2,1
Gen. G,Dplus Kia,2,0
T1,Kwangdong Freecs,2,0
⁠⁠Nongshim RedForce,Dplus Kia,0,2
DRX,BRION,2,0
Hanwha Life Esports,Gen. G,0,2
⁠⁠Liiv SANDBOX,T1,1,2
⁠⁠Nongshim RedForce,⁠⁠KT Rolster,1,2
Dplus Kia,Hanwha Life Esports,0,2
BRION,Gen. G,2,0
DRX,Kwangdong Freecs,2,0
⁠⁠KT Rolster,Liiv SANDBOX,2,0
Hanwha Life Esports,DRX,0,3
Dplus Kia,T1,1,3
⁠⁠KT Rolster,T1,2,3
Gen. G,Hanwha Life Esports,3,0
T1,Gen. G,2,3
⁠⁠KT Rolster,Hanwha Life Esports,3,0
T1,⁠⁠KT Rolster,3,2
Gen. G,T1,3,0
